Date,Close,High,Low,Open,Volume,EMA_10,SMA_10,MACD,MACD_Signal,RSI,date,avg_sentiment,comment_count,dominant_sentiment
2024-03-01,82.24810791015625,82.26910374751212,79.40517391258761,79.96996422541928,479135000,82.24810791015625,,0.0,0.0,,2024-03-01,0.43414,10,positive
2024-03-04,85.20499420166016,87.66207143981877,83.68756644704014,84.09840760734,615616000,82.7857235995206,,0.2358769691228133,0.047175393824562664,,2024-03-04,0.2360972222222222,72,positive
2024-03-05,85.93576049804688,86.06872004565462,83.38960003379123,85.24198821051228,520639000,83.35845758107082,,0.4762875529721242,0.13299782565407497,,2024-03-05,0.282995,60,positive
2024-03-06,88.67086029052734,89.69452599594824,87.00141069166892,87.99308922719804,582520000,84.32434898279018,,0.8774002439582347,0.2818783093149069,,2024-03-06,0.3276659090909091,44,positive
2024-03-07,92.6385498046875,92.73651717702312,89.57255620841083,90.12837327546654,608119000,85.83602185949877,,1.498174305046092,0.525137508461144,,2024-03-07,0.2603103448275862,87,positive
2024-03-08,87.49925231933594,97.36801162259307,86.47758481062256,95.10675351305797,1142269000,86.13842739765097,,1.5574900884908942,0.7316080244670942,,2024-03-08,0.2497576923076923,78,positive
2024-03-11,85.74583435058594,88.7678366102768,84.13836070078284,86.40061803177863,678364000,86.06704684363913,,1.4463395955232698,0.8745543386783293,,2024-03-11,0.2476326086956521,46,positive
2024-03-12,91.8828125,91.92979413377265,86.12170491240781,88.02008324614344,668075000,87.12445878115928,,1.8323328839432236,1.0661100477313084,,2024-03-12,0.397115909090909,44,positive
2024-03-13,90.85813903808594,91.47393396528192,88.40594204784502,91.02508398682748,635713000,87.80330973696411,,2.0321276584335806,1.2593135698717628,,2024-03-13,0.1183840425531914,94,neutral
2024-03-14,87.91510772705078,90.61622350841212,86.57154750613068,89.54757446626068,602318000,87.82363664425259,87.85994186401368,1.930732147442498,1.3935972853859098,,2024-03-14,0.0367090909090909,44,neutral
2024-03-15,87.80813598632812,89.51657406692517,86.22866094849327,86.90143633231817,642086000,87.82081834281178,88.41594467163085,1.820755216238652,1.4790288715564583,,2024-03-15,0.1136249999999999,24,neutral
2024-03-18,88.42594909667969,92.37464868231102,87.05639632268333,90.35831286729302,668976000,87.9308421162423,88.73804016113282,1.7631258434290515,1.5358482659309771,,2024-03-18,0.2249577777777777,45,positive
2024-03-19,89.36863708496094,90.51425674084176,84.98207797118587,86.67151765212044,672171000,88.19225938328205,89.08132781982422,1.7730822046128765,1.5832950536673571,,2024-03-19,0.3394197183098592,71,positive
2024-03-20,90.34231567382812,90.38030520484318,88.19401951660328,89.76749997737916,479063000,88.58317870883587,89.2484733581543,1.8383490735455865,1.6343058576430032,63.4773219240033,2024-03-20,0.3233092105263158,76,positive
2024-03-21,91.40496063232422,92.61756721905256,90.37530021359188,92.26968196617383,480372000,89.09622996765192,89.12511444091797,1.95330363622422,1.6981054133592468,64.72558814284204,2024-03-21,0.3317405405405405,37,positive
2024-03-22,94.25802612304688,94.7468638928685,90.8041593115699,91.11105766429952,586719000,90.0347383595419,89.80099182128906,2.2487028497055945,1.8082249006285165,64.60740563836977,2024-03-22,0.324001923076923,52,positive
2024-03-25,94.97078704833984,96.7342074446901,93.47928046219188,93.91013861786188,552136000,90.93220175750517,90.72348709106446,2.5113731580154592,1.9488545521059053,64.58682892881117,2024-03-25,0.2286256756756756,74,positive
2024-03-26,92.53058624267578,96.34333614885402,92.47160751849904,95.8195062336972,513648000,91.22281711844528,90.78826446533203,2.4938894531566405,2.0578615323160525,56.29133999664728,2024-03-26,0.2535416666666666,36,positive
2024-03-27,90.22034454345705,93.20935991690288,89.09371596526927,93.08140362412708,586067000,91.04054937753833,90.72448501586913,2.267478216042889,2.09978486906142,45.83318982052005,2024-03-27,0.2628052631578947,38,positive
2024-03-28,90.3263168334961,91.2700069314821,89.163696917333,89.97043098866838,435212000,90.9106889149852,90.96560592651367,2.0727039170418777,2.0943686786575113,55.89361280473743,2024-03-28,0.2890266666666666,30,positive
2024-04-01,90.33331298828124,92.1947007975338,89.17469715880289,90.26933865065378,452441000,90.8057114737663,91.21812362670899,1.8970405108895534,2.0549030451039196,60.31463505174728,2024-04-01,0.0542655172413793,29,positive
2024-04-02,89.42261505126953,90.06440242112468,87.59121620163441,88.41893947358703,433064000,90.5542393969487,91.31779022216797,1.6651455223659752,1.9769515405563307,42.76898969064765,2024-04-02,0.2678322580645161,31,positive
2024-04-03,88.93477630615234,90.3443168469122,88.3709661913593,88.45493823513225,370067000,90.25979156225844,91.2744041442871,1.4255694859080563,1.866675129626676,44.162642710174616,2024-04-03,0.28336875,16,positive
2024-04-04,85.87677001953125,90.60421995433492,85.85177670926352,90.37629042203368,434965000,89.46287855448985,90.82784957885742,0.977678135495097,1.6888757308003601,43.85657108141952,2024-04-04,-0.0061153846153846,39,positive
2024-04-05,87.97909545898438,88.45193966671309,85.89777859630549,86.8374646504957,399678000,89.19309980985248,90.48526306152344,0.7833313503074635,1.5077668547017808,50.45994111571435,2024-04-05,-0.0909083333333333,24,negative
2024-04-08,87.10437774658203,88.80081883400379,86.70350850941023,88.67085666122206,283220000,88.81333216198512,89.76989822387695,0.5523604463898408,1.316685573039393,46.4929866211107,2024-04-08,-0.0230933333333333,15,neutral
2024-04-09,85.3259506225586,87.60620698800746,82.99472376686872,87.41326961083752,503547000,88.17926279118029,88.80541458129883,0.2232368001346572,1.097995818458446,39.7276807852421,2024-04-09,0.3035541666666667,48,positive
2024-04-10,87.01040649414062,87.3712879556285,83.68149867040677,83.89843024698811,431929000,87.9667434644458,88.2533966064453,0.09720493256651253,0.8978376412800593,41.828890164507364,2024-04-10,0.2096,20,positive
2024-04-11,90.58623504638672,90.70919574606371,86.89745219051976,87.39128560717941,431637000,88.44301466116232,88.28998565673828,0.2826055483824206,0.7747912227005316,48.21250936953443,2024-04-11,0.2483625,24,positive
2024-04-12,88.15703582763672,90.1453886602286,87.50125303417155,89.66953943111257,426805000,88.39101850961221,88.07305755615235,0.23085959120534483,0.6660048964014942,36.42877435388648,2024-04-12,0.2620523809523809,63,positive
2024-04-15,85.97274780273438,90.58323225547264,85.9007728583494,89.06873054875433,443077000,87.9513329265435,87.63700103759766,0.013441809764373147,0.5354922790740699,31.214318640335676,2024-04-15,0.1061307692307692,13,neutral
2024-04-16,87.38628387451172,88.08904823109181,86.03572977127556,86.40460421758179,370453000,87.84859673526499,87.43336791992188,-0.04429222763037899,0.41953537773318017,38.778939072099114,2024-04-16,0.2477641509433962,53,positive
2024-04-17,84.00739288330078,88.7458333599475,83.92241409948026,88.3109710984958,495400000,87.15019603490786,86.94062957763671,-0.35856185477264546,0.26391593123201507,37.051592394767816,2024-04-17,0.0945423076923076,26,neutral
2024-04-18,84.6431884765625,86.16169439997329,82.37493650827429,84.94209387359811,447260000,86.69437647884507,86.81727142333985,-0.5499795853530287,0.10113682791500633,38.41171344146591,2024-04-18,0.1041130434782608,23,positive
2024-04-19,76.17496490478516,84.29629668319684,75.58116589392048,83.12268637450086,875198000,84.78175619265235,85.63685836791993,-1.3692109744640248,-0.1929327325607999,28.536400367611094,2024-04-19,0.216947619047619,42,neutral
2024-04-22,79.49187469482422,80.04669267273574,76.37490279505329,78.07833775408314,596341000,83.81995955668359,84.87560806274413,-1.7308585926593878,-0.5005179045805175,35.968949865407154,2024-04-22,0.2083894736842105,38,positive
2024-04-23,82.39591979980469,82.7418068067518,80.23763246823718,80.74246382535908,438559000,83.56104323725106,84.58260498046874,-1.7628141416440997,-0.752977151993234,41.35178262693762,2024-04-23,0.2136640449438202,89,positive
2024-04-24,79.65083312988281,84.0543851474842,79.15699208262093,83.92242471814481,512208000,82.85009594500228,83.84664764404297,-1.9867427631883317,-0.9997302742322536,41.696919649434406,2024-04-24,0.1248833333333333,36,positive
2024-04-25,82.6048583984375,83.29562566305763,78.19730258611348,78.84208734175279,424641000,82.80550730017231,83.04850997924805,-1.9038957328532433,-1.1805633659564516,42.99197134756007,2024-04-25,0.1994242424242424,33,positive
2024-04-26,87.70618438720703,88.30198930446801,83.3596128981717,83.79047109382074,551011000,83.69653949781498,83.00342483520508,-1.4103468896649076,-1.226520070698143,50.70684297117788,2024-04-26,0.3080130434782608,23,positive
2024-04-29,87.7281723022461,87.96308807915567,85.23798574736955,87.56622296271497,388971000,84.42956364407517,83.17896728515625,-1.0058369721248965,-1.1823834509834938,52.9429182431321,2024-04-29,0.29169,30,positive
2024-04-30,86.37361907958984,88.78982495986544,86.27165520822136,87.21134125053536,363709000,84.7830282687142,83.07770080566407,-0.7855062456929005,-1.1030080099253752,49.21352608862067,2024-04-30,0.3653679999999999,25,positive
2024-05-01,83.01371765136719,85.9717451202874,81.22830132116862,85.04905184528752,559863000,84.46133542919655,82.9783332824707,-0.871957143808757,-1.0567978367020516,40.59729703255622,2024-05-01,0.0895999999999999,51,neutral
2024-05-02,85.78881072998047,86.20867093085921,83.17266601309362,84.42125626969049,377898000,84.70269457479363,83.0928955078125,-0.7083775489524982,-0.9871137791521409,47.08444777069322,2024-05-02,0.2192277777777778,18,neutral
2024-05-03,88.75983428955078,89.25166943381491,87.01140828668458,87.76016278941914,398341000,85.4403563411131,84.35138244628907,-0.33513949069252646,-0.8567189214602181,53.366014101712864,2024-05-03,0.4077205128205128,39,positive
2024-05-06,92.10972595214844,92.18970149787158,89.02574047227303,89.36062948973989,376203000,86.65296899766497,85.61316757202148,0.228330567817423,-0.63970902360469,55.449695303099254,2024-05-06,0.2419619047619047,21,positive
2024-05-07,90.52424621582033,91.75084041902228,88.98175395384375,91.06806618454974,437342000,87.35683758278412,86.42600021362304,0.5407166396173864,-0.40362389096027473,57.84343883541541,2024-05-07,0.2469625,32,positive
2024-05-08,90.38230895996094,91.16404981267716,89.39063036492911,89.45361321300157,325721000,87.90692328772536,87.49914779663087,0.7679789188836423,-0.16930332899149134,56.99049036528253,2024-05-08,0.1955425,40,neutral
2024-05-09,88.71784973144531,91.04208295679378,88.20202038816478,90.4992620554592,378013000,88.0543644593108,88.11044692993164,0.8045041403202617,0.025458164870859307,68.31306928244652,2024-05-09,0.4112705882352941,34,positive
2024-05-10,89.84848022460938,91.37098265790202,89.19769305265027,90.27534193987526,335325000,88.38056732572872,88.32467651367188,0.9141453743441303,0.20319560676551351,66.15219313223523,2024-05-10,0.2206611111111111,18,positive
2024-05-13,90.36930847167967,90.96811074029578,88.49991996993283,90.44827727503778,289680000,88.74215662499253,88.58879013061524,1.0311765674414346,0.3687917989006978,63.433967774560735,2024-05-13,0.2944769230769231,39,positive
2024-05-14,91.32599639892578,91.62089767401248,88.90478722070216,89.56956971282393,296507000,89.21194567479859,89.08402786254882,1.1874333588798578,0.5325201108965298,70.93236612022008,2024-05-14,0.2063860465116279,43,positive
2024-05-15,94.59890747070312,94.83083350687552,91.5689050462718,92.44161932872312,417735000,90.19139327405395,90.24254684448242,1.5574116899904311,0.7374984267153102,71.2609849314735,2024-05-15,0.1438515151515151,33,positive
2024-05-16,94.3280029296875,95.78752238437566,94.07208269713682,94.87882442022668,323952000,90.94350412053277,91.09646606445312,1.8079218528024228,0.9515831119327327,64.16353647563281,2024-05-16,0.1919222222222222,27,positive
2024-05-17,92.4486083984375,94.70886703782736,91.77583301886033,94.33799437588382,359691000,91.21715944378816,91.4653434753418,1.833664190372474,1.127999327620681,59.353437758792246,2024-05-17,0.228502,50,positive
2024-05-20,94.74886322021484,95.16872341830162,93.40930707577944,93.71920279909754,318764000,91.85928740313847,91.72925720214843,2.016432341597664,1.3056859304160777,65.99586872476603,2024-05-20,0.3333311111111111,45,positive
2024-05-21,95.35466766357422,95.36866300361464,93.14939104451076,93.56825212335475,328946000,92.49481108685404,92.21229934692383,2.1849737565110416,1.4815434956350706,76.34107075916143,2024-05-21,0.2526872340425532,94,positive
2024-05-22,94.91880798339844,95.98845620709116,93.21837032400497,95.42764347286976,548648000,92.93553779531665,92.66594924926758,2.257352454602824,1.6367052874286214,71.6493601365949,2024-05-22,0.2220715328467153,137,positive
2024-05-23,103.7649154663086,106.28508365177812,101.48665694608556,101.99449335003398,835065000,94.90451555367882,94.1706558227539,2.9940069892988674,1.9081656278026706,77.82722649392221,2024-05-23,0.2904286666666666,150,positive
2024-05-24,106.4340362548828,106.44003098960508,102.96617374072068,104.4146953725992,429494000,97.00079204480681,95.82921142578125,3.7499595567185082,2.2765244135858382,77.25285967516899,2024-05-24,0.3350235668789809,157,positive
2024-05-28,113.86358642578124,114.90124747385036,109.84690852832622,110.2077900069521,652728000,100.06675465952944,98.1786392211914,4.892166173808775,2.7996527656304258,86.32644249677477,2024-05-28,0.2557779816513761,109,positive
2024-05-29,114.78727722167967,115.45405793078952,110.86457027293942,113.01286640628572,557442000,102.7432133071931,100.5247673034668,5.804990952412041,3.400720402986749,87.08262444349539,2024-05-29,0.3089608108108108,148,positive
2024-05-30,110.46369934082033,115.78095222554882,109.62697631949284,114.612337538274,487350000,104.14693804057987,102.11124649047852,6.109112518344176,3.942398826058235,80.57170278645746,2024-05-30,0.1904323529411764,102,positive
2024-05-31,109.59698486328124,112.67997129263831,106.904868817121,112.4830297906596,613263000,105.13785564470739,103.6381446838379,6.208625268164326,4.395644114479453,77.97127139549247,2024-05-31,0.1422283783783783,74,positive
2024-06-03,114.96222686767578,114.96222686767578,111.96620962094242,113.58368201334557,438392000,106.92410495797436,105.88950653076172,6.643834046657005,4.845282100914964,80.62948772451807,2024-06-03,0.1930785714285714,70,positive
2024-06-04,116.39875030517578,116.56169877793198,114.00753771578134,115.6779940883536,403324000,108.64676774837461,108.05449523925782,7.023690839103892,5.28096384855275,80.85827565134727,2024-06-04,0.2807449275362319,69,positive
2024-06-05,122.39978790283205,122.40878000462286,117.42942079845784,118.33212409256934,528402000,111.14731686736687,110.75900726318359,7.719972626285809,5.768765604099362,82.06280828379647,2024-06-05,0.3189700680272108,147,positive
2024-06-06,120.95825958251952,125.54574922421772,118.2811377621336,124.00725324087745,664696000,112.93112463375826,113.3629524230957,8.062521936830365,6.227516870645562,79.90523488824262,2024-06-06,0.220114465408805,159,positive
2024-06-07,120.84829711914062,121.6520339148132,117.98324108710489,119.73066046106749,412386000,114.37061054019142,115.0712905883789,8.230248500015037,6.628063196519458,83.21214565362473,2024-06-07,0.2989,92,positive
2024-06-10,121.74999237060548,123.05955958930453,116.9715638416941,120.33046067723372,314162700,115.71231632753943,116.60288619995117,8.339796300347643,6.970409817285095,82.64442684923702,2024-06-10,0.2311793103448275,145,positive
2024-06-11,120.88021087646484,122.83972700807324,118.7107397776175,121.739991951163,222551200,116.65193351825313,117.30454864501954,8.261199656627241,7.228567785153524,80.66470794835374,2024-06-11,0.2454879746835443,158,positive
2024-06-12,125.16915130615234,126.84873770805828,122.53980200765416,123.02967915018486,299595000,118.20051857059843,118.3427360534668,8.447614062272905,7.472377040577401,83.26152765154899,2024-06-12,0.3557983050847457,177,positive
2024-06-13,129.5780792236328,129.7680348697194,127.128685680218,129.35813218658845,260704500,120.26916596205922,120.25417404174804,8.849105478207136,7.747722728103349,81.4516271469603,2024-06-13,0.2068809523809524,84,positive
2024-06-14,131.84751892089844,132.80727390157034,128.28839829543193,129.92799370452428,309320400,122.37432104548452,122.47922744750977,9.24385769755905,8.046949721994489,81.26919476516812,2024-06-14,0.1970739130434782,69,positive
2024-06-17,130.94773864746094,133.69706139159663,129.54808953427707,132.9572533982128,288504400,123.93312424584387,124.07777862548828,9.376016050480118,8.312762987691615,75.04505137288128,2024-06-17,0.1795676767676767,99,positive
2024-06-18,135.54660034179688,136.29641557179684,130.6578056523983,131.10769173939232,294335100,126.04466535419895,125.9925636291504,9.739570495758699,8.598124489305032,77.47249485275526,2024-06-18,0.2692484848484848,132,positive
2024-06-20,130.74778747558594,140.72532511567726,129.48810330722768,139.76557010788932,517768400,126.8997784671784,126.82736358642578,9.530603060472828,8.78462020353859,76.5101245320028,2024-06-20,0.2045274193548387,124,positive
2024-06-21,126.53881072998048,130.5978154647857,124.26937345205326,127.08867825178736,655484700,126.83414796950605,127.38541870117187,8.922512445594052,8.812198651949684,70.36301123276512,2024-06-21,0.3501317204301075,186,positive
2024-06-24,118.08090209960938,124.42933613805307,118.01091965046172,123.20963548646723,476060900,125.24264872043392,127.10867919921876,7.669702159199645,8.583699353399677,53.48906168139295,2024-06-24,0.3283709219858156,141,positive
2024-06-25,126.05892944335938,126.46883208603109,119.2906008372332,121.17013488438512,425787500,125.39106339732945,127.53957290649414,7.237175458999488,8.314394574519639,59.42756698471147,2024-06-25,0.201578064516129,155,positive
2024-06-26,126.36885833740234,128.08842814640124,122.56979155312732,126.09892059020918,362975900,125.56884429552451,128.08843765258788,6.840550002139551,8.019625660043621,54.357538736171854,2024-06-26,0.3761856,125,positive
2024-06-27,123.95944213867188,126.37885155800387,122.88970613137968,124.06941564080124,252571700,125.2762257215513,127.96746673583985,6.259644434591138,7.667629414953124,53.22635226851267,2024-06-27,0.205858064516129,62,positive
2024-06-28,123.50955963134766,127.67853027804634,122.71975337861936,124.54930428199576,315516700,124.95501370515063,127.36061477661133,5.697295947356793,7.2735627214338585,52.84017175036433,2024-06-28,0.1870617283950617,81,positive
2024-07-01,124.2693862915039,124.80924657003756,118.8007324055703,123.43958890104815,284885500,124.83035417539668,126.60280151367188,5.252396029138836,6.869329382974855,52.696932366226505,2024-07-01,0.2317075757575757,66,positive
2024-07-02,122.6397705078125,123.37959365292392,121.00017523772506,121.10014907077634,218374000,124.43206623583592,125.77200469970703,4.7139735118457935,6.438258208749043,51.8534031548252,2024-07-02,0.2048288461538461,52,positive
2024-07-03,128.24839782714844,128.24839782714844,121.33010435521813,121.63003350315482,215749000,125.12594470698363,125.04218444824218,4.685823878337089,6.087771342666652,53.15573959555855,2024-07-03,0.1153163265306122,98,positive
2024-07-05,125.79899597167967,128.81825608276085,125.64903140778242,127.34860945857926,214176700,125.24831766420108,124.54730529785157,4.414975739643751,5.753212222062072,45.96497567737269,2024-07-05,0.3275296875,64,positive
2024-07-08,128.16839599609375,130.73776982046533,127.0086858992603,127.4585719244731,237677300,125.77924099727247,124.71026382446288,4.341471635895445,5.470864104828747,46.08007337984279,2024-07-08,0.3067252631578947,95,positive
2024-07-09,131.34764099121094,133.78704236722226,128.61830251041144,130.3178959397844,285366600,126.79167735980673,126.03693771362305,4.488022475749915,5.274295779012981,50.40633931503421,2024-07-09,0.2109088709677419,124,positive
2024-07-10,134.87677001953125,135.0667256558596,132.38737791270125,133.99698191654937,248978600,128.26169420702936,126.91872177124023,4.83322191691785,5.186081006593954,49.30426320652596,2024-07-10,0.2126039215686274,102,positive
2024-07-11,127.36861419677734,136.1164508461357,127.0187019512054,135.71655549549055,374782700,128.09931602334717,127.01869735717773,4.44965666226372,5.038796137727908,46.67715177707467,2024-07-11,0.293575,156,positive
2024-07-12,129.2081756591797,131.8875082938102,127.1886688828338,128.2284060345482,252680500,128.3009268662258,127.54357070922852,4.245179879552396,4.8800728860928055,52.75316428304446,2024-07-12,0.2596378378378378,111,positive
2024-07-15,128.40835571289062,131.35762580228223,127.14866403247436,130.52782847793975,208326200,128.32045938380122,128.0334503173828,3.972795853170865,4.6986174795084175,62.64998044992825,2024-07-15,0.3169808510638298,47,positive
2024-07-16,126.32887268066406,129.0082051584145,124.54931239200172,128.40836211736584,214769500,127.95835271050355,128.23939895629883,3.548230851547089,4.468540153916152,50.38650013217602,2024-07-16,0.0931482758620689,29,neutral
2024-07-17,117.96092987060548,121.8199795319496,116.6912461036676,121.32010271185337,390086200,126.14063946688572,127.77151489257812,2.507630573671392,4.0763582378672,40.21867749728852,2024-07-17,0.12233,40,positive
2024-07-18,121.06016540527344,122.36984786902624,116.53128260658956,121.81998031239168,320979500,125.21691691022893,127.05269165039063,1.9110009333870437,3.6432867769711685,46.680419705281054,2024-07-18,0.1557513157894736,76,positive
2024-07-19,117.90093994140624,121.57003374775046,117.341080377663,120.32034177331325,217223800,123.88673927953388,126.26288604736328,1.1697602843841395,3.148581478453763,43.95344915935247,2024-07-19,0.1673590909090909,88,positive
2024-07-22,123.50955963134766,124.03942781453529,119.8304661088677,120.3203432330864,258068900,123.81816116168183,125.79700241088867,1.0230968419483162,2.7234845511526737,49.25837956918817,2024-07-22,0.2058355932203389,59,positive
2024-07-23,122.5597915649414,124.65928025097236,122.06991443104106,122.74974719191928,173911000,123.5893666895472,124.91821746826172,0.8207653892502407,2.342940718772187,49.920887520815796,2024-07-23,0.2906045454545454,66,positive
2024-07-24,114.22184753417967,119.92043994002134,113.41204956795865,119.1406333610656,327776900,121.88618138857129,122.85272521972657,-0.012244992260562526,1.8719035765656373,36.836187981464995,2024-07-24,0.2080676056338028,71,positive
2024-07-25,112.25232696533205,116.60125336651195,106.27380502948412,113.01214179627254,460067000,120.13457149343687,121.34109649658203,-0.8218616614177421,1.3331505289689616,37.170998299908334,2024-07-25,0.216576,75,positive
2024-07-26,113.03214263916016,116.17136841805404,111.55251154245995,116.16137637359374,293399100,118.84322079265928,119.72349319458007,-1.38460325260111,0.7895997726549473,35.22065774564892,2024-07-26,0.2079508620689655,116,positive
2024-07-29,111.5625,116.25134680115112,111.27257816967544,113.66198865142056,248152100,117.51945337581213,118.03890762329101,-1.9269551570498606,0.24628878671398574,30.01414658687773,2024-07-29,0.1796367816091954,87,positive
2024-07-30,103.7044448852539,111.96240417731258,102.5147356535528,111.49251876218644,486833300,115.00763365025608,115.77646484375,-2.9567685368450043,-0.39432267799781223,21.043856397812377,2024-07-30,0.2183916666666666,120,positive
2024-07-31,116.99115753173828,118.31083191790376,110.85267132044424,112.87217777091092,473174200,115.3682743559801,115.67948760986329,-2.669998312328545,-0.8494578048639587,41.2948609117179,2024-07-31,0.2668041666666667,48,positive
2024-08-01,109.18309783935548,120.13040514788088,106.78368749587624,117.50104810323892,523462300,114.24369680750289,114.49178085327148,-3.0377586154492775,-1.2871179669810227,34.73089549086987,2024-08-01,0.2496269841269841,63,positive
2024-08-02,107.24356842041016,108.69321575888374,101.3450281116693,103.73443867463745,482027500,112.97094619166785,113.42604370117188,-3.4459918707964903,-1.7188927477441163,34.1375658301845,2024-08-02,0.213431914893617,94,positive
2024-08-05,100.4252471923828,103.38452459369913,90.66765743904186,92.0373150047539,552842400,110.68991000997966,111.11761245727538,-4.270473842654212,-2.2292089667261354,31.873507272721042,2024-08-05,0.1796788732394366,71,positive
2024-08-06,104.22431182861328,107.68345833707174,100.5252265940952,103.8144091952266,409012100,109.51434670427668,109.28406448364258,-4.564709845719193,-2.696309142524747,39.730938808809285,2024-08-06,0.2161391891891892,74,positive
2024-08-07,98.88563537597656,108.77319818362058,98.6656883565928,107.7834365963936,411440400,107.58185373549483,107.75044326782226,-5.169094467183058,-3.190866207456409,33.96008248930144,2024-08-07,0.1152,71,positive
2024-08-08,104.9441375732422,105.47400576569116,97.49596860854,101.974868133654,391910000,107.10226897872161,107.01962432861328,-5.100408801970502,-3.5727747263592278,41.00499804133392,2024-08-08,0.2597714285714285,91,positive
2024-08-09,104.72418975830078,106.5737323955936,103.40451530940656,105.6139698534446,290844200,106.6698909386451,106.18882904052734,-5.006016624412183,-3.859423105969819,35.90397254618095,2024-08-09,0.2094094339622641,106,positive
2024-08-12,108.9931411743164,111.04263923804828,106.23382655143304,106.29380933051289,325559900,107.09230007240352,105.93189315795898,-4.534470883743722,-3.9944326615245997,40.302989056638104,2024-08-12,0.2501083333333333,36,positive
2024-08-13,116.11138153076172,116.201363320323,111.55250759337808,112.41229629244808,312646700,108.73213306483227,107.17258682250977,-3.5455144957116005,-3.9046490283620003,51.37454563376064,2024-08-13,0.2702802631578947,76,positive
2024-08-14,118.05091094970705,118.57077948335262,114.04189674110648,118.5007970340635,339246400,110.42645631662768,107.27856216430663,-2.5755660956485116,-3.6388324418193028,54.22003396762215,2024-08-14,0.2019216216216216,111,positive
2024-08-15,122.8297348022461,123.2096384456698,117.4410632059104,118.730746337619,318086700,112.68159785946739,108.6432258605957,-1.4050671148193459,-3.1920793764193114,56.738180859597506,2024-08-15,0.3004185567010309,97,positive
2024-08-16,124.54930114746094,124.9691958147952,121.15013749579563,121.9099523420536,302589900,114.83936209364802,110.37379913330078,-0.3348239642401012,-2.6206282939834695,58.90092430821205,2024-08-16,0.206720202020202,99,positive
2024-08-19,129.96795654296875,129.96795654296875,123.38957660426745,124.24936523467588,318333600,117.59001562988814,113.32807006835938,0.9397586948495444,-1.908550896216867,68.6232806494107,2024-08-19,0.2156870588235294,85,positive
2024-08-20,127.2186508178711,129.8480077753235,125.85898525590324,128.36836140301477,300087400,119.34067657315777,115.62750396728515,1.7083360058681336,-1.1851735157998669,58.52643903511304,2024-08-20,0.2397202702702702,74,positive
2024-08-21,128.4683380126953,129.31813467743694,126.62879504399294,127.288628455805,257883600,121.0002513803464,118.58577423095703,2.390719646784717,-0.4699948832829501,68.05166132086691,2024-08-21,0.2712333333333334,63,positive
2024-08-22,123.70951080322266,130.717785815134,123.0696690966232,129.98796994394152,376189100,121.49284400268752,120.46231155395508,2.518484492367861,0.12770099184721218,64.64001113556435,2024-08-22,0.2644954954954955,111,positive
2024-08-23,129.33811950683594,129.56807382051312,125.18914813175064,125.82898983127043,323230300,122.91925773071449,122.9237045288086,3.0388902993965132,0.7099388533570724,76.26227990420011,2024-08-23,0.37205,48,positive
2024-08-26,126.42884063720705,131.22765338990934,124.33935925298674,129.53808260280766,331964700,123.55736371371313,124.66727447509766,3.1799051922332353,1.203932121132305,70.50029767212789,2024-08-26,0.2264114503816794,131,positive
2024-08-27,128.26840209960938,129.1681743229575,123.84948497148316,125.01920259136338,303134600,124.41391614751244,125.88297653198242,3.400894353795721,1.6433245676649881,79.00140637232148,2024-08-27,0.1778424460431654,139,positive
2024-08-28,125.5790557861328,128.29838691719942,122.60978624415954,128.0884319398247,448101100,124.62575971817067,126.635791015625,3.320742630824654,1.9788081802969213,71.81819296515617,2024-08-28,0.1712779069767442,172,positive
2024-08-29,117.56101989746094,124.39933835599815,116.68123949231908,121.33009516824129,453023300,123.3412615689507,126.10891952514649,2.5804870774823314,2.0991439597340036,61.65153822832804,2024-08-29,0.233868125,160,positive
2024-08-30,119.34059143066406,121.72000228172388,117.19111963899516,119.50054804230363,333751600,122.61386699835312,125.58804855346679,2.1130676400197217,2.1019286957911474,59.836533193578944,2024-08-30,0.2234160305343511,131,positive
2024-09-03,107.973388671875,116.18136480283336,107.26356453201906,115.9814171340765,477155100,119.95196184808437,123.38859176635742,0.8159898818761491,1.844740933008148,42.84207089085252,2024-09-03,0.1461231481481481,108,positive
2024-09-04,106.18383026123048,113.24208832420427,104.09434887245212,105.38403194779274,372470300,117.44866519592911,121.28510971069336,-0.35229495719801207,1.405333754966916,39.53446938084001,2024-09-04,0.1865108333333333,120,positive
2024-09-05,107.18358612060548,109.6229874268856,104.73419276980216,104.96413183407384,306850700,115.5822871822339,119.15663452148438,-1.1838504753008579,0.8874969089133614,35.21631988318225,2024-09-05,0.1200478873239436,71,positive
2024-09-06,102.80465698242188,108.12334543943037,100.92511547059388,108.0133719412909,413638100,113.25908169135899,117.0661491394043,-2.1711791973698666,0.2757616876567158,30.43713363992036,2024-09-06,0.202625,112,positive
2024-09-09,106.44377136230467,106.52375348417674,103.66445746112836,104.8541591070364,273912000,112.01993435880365,114.77671432495117,-2.6296848359532987,-0.3053276170652871,28.13606718352993,2024-09-09,0.2700095744680851,94,positive
2024-09-10,108.0733642578125,109.37304700834024,104.92413884500664,107.78343479415584,268283700,111.30237615862343,112.94116668701172,-2.828948967555604,-0.8100518871633505,31.827684858358083,2024-09-10,0.2047649122807017,57,positive
2024-09-11,116.88119506835938,117.16112485124164,107.39352807236727,109.3630438515934,441422400,112.3167068694845,111.80244598388671,-2.250209872470407,-1.0980834842247618,40.38175335490776,2024-09-11,0.2454977528089887,89,positive
2024-09-12,119.12083435058594,120.77057045474368,115.3614370539407,116.82120128077,367100500,113.55382095695748,111.15662384033203,-1.5924777056879265,-1.1969623285173947,46.02478137675637,2024-09-12,0.1974163636363636,55,positive
2024-09-13,119.0808334350586,119.9406956579584,117.58107480834964,119.06084000976254,238358300,114.55873231661222,111.3086051940918,-1.0622035431432977,-1.1700105714425753,40.16133316843384,2024-09-13,0.3099369565217391,46,positive
2024-09-16,116.7612075805664,118.16098383065176,114.34159881620232,116.77120810734208,248772300,114.95918236460389,111.05066680908203,-0.8196830732100437,-1.099945071796069,40.62082633744464,2024-09-16,0.1660311475409836,61,positive
2024-09-17,115.57140350341795,118.7808938826076,114.81153124290536,118.15099033708098,231925900,115.07049529893372,111.81046829223632,-0.715246186132191,-1.0230052946632935,37.52456711723684,2024-09-17,0.3151472222222222,36,positive
2024-09-18,113.3517608642578,117.68105834506784,113.20178347448297,115.87135202544096,310318900,114.75799812899264,112.52726135253906,-0.8023369701935792,-0.9788716297693507,37.874151008378995,2024-09-18,0.2457478260869565,46,positive
2024-09-19,117.85104370117188,119.64075670028409,117.23114068021938,117.3311230698782,293506400,115.32037005120704,113.5940071105957,-0.5025098998303719,-0.883599283781555,50.309196778119784,2024-09-19,0.1813243243243243,37,positive
2024-09-20,115.98133850097656,118.6009197546388,115.37143602446804,117.041165532472,382462400,115.44054613298331,114.91167526245117,-0.4110263148054827,-0.7890846899863405,46.425542195591774,2024-09-20,0.2500636363636364,22,positive
2024-09-23,116.24130249023438,116.97118080282908,114.84152614526418,116.5312567610485,206228500,115.58613819793804,115.89142837524415,-0.31392921269639373,-0.6940535945283512,61.52083354595524,2024-09-23,0.3033896551724138,29,positive
2024-09-24,120.85055541992188,121.78040609310196,115.36143323881014,116.5012492087513,354966800,116.54330496557145,117.16914749145508,0.13341124873389276,-0.5285606258759025,68.94820913320083,2024-09-24,0.1983374999999999,24,positive
2024-09-25,123.4901351928711,124.91990547833532,121.5904392877682,122.00036937142777,284692900,117.80636500689866,117.83004150390624,0.6929360793349417,-0.28426128483373364,70.2104052005956,2024-09-25,0.099756,25,positive
2024-09-26,124.02005004882812,127.6494634455,121.78041247124416,126.77960826024156,302582900,118.9361259236131,118.31996307373046,1.16568593706927,0.005728159546867118,79.06779639756111,2024-09-26,0.3227203703703704,54,positive
2024-09-27,121.38047790527344,124.01005220096552,119.2408226716024,123.9500642912149,271009200,119.38055355664225,118.54992752075195,1.3122256724229118,0.267027662122076,71.04152193202688,2024-09-27,0.2065466666666666,60,positive
2024-09-30,121.42046356201172,121.48045146740192,118.13099198549791,118.29096227592748,226553700,119.75144628489124,119.01585311889649,1.415271606671439,0.49667645103194863,69.68378017295404,2024-09-30,0.1342142857142857,77,positive
2024-10-01,116.9811782836914,122.42030559533124,115.77137385100936,121.75040758040218,302094500,119.24776119376399,119.15683059692383,1.1257461300295262,0.6224903868314642,50.16926079336235,2024-10-01,0.3659231155778894,199,positive
2024-10-02,118.83087921142578,119.360792730428,115.12147695024304,116.42127087200362,221845900,119.17196446970249,119.70474243164062,1.0336354046161915,0.7047193903884097,49.50256993535569,2024-10-02,0.2837644444444445,45,positive
2024-10-03,122.83023834228516,124.33999759824168,120.32063993396464,120.90054847309592,277118000,119.83710517380842,120.20266189575196,1.2687267566302296,0.8175208636367737,55.66295375810998,2024-10-03,0.2714311475409836,61,positive
2024-10-04,124.89990234375,125.01988578554294,121.810403092212,124.91990339813242,243678100,120.75761375016144,121.09451828002929,1.6035581150870968,0.9747283139268383,62.38588608916216,2024-10-04,0.3078453333333333,75,positive
2024-10-07,127.69945526123048,130.61898369823507,124.92989659161152,124.9698910723034,346250200,122.01976675217398,122.2403335571289,2.0709423680920622,1.1939711247598832,67.59501085376617,2024-10-07,0.0205611428571428,175,positive
2024-10-08,132.86862182617188,133.45852325335272,129.39917881279587,130.23904002332463,285722500,123.99228585653722,123.4421401977539,2.8258812966457754,1.5203531591370618,76.08230629907548,2024-10-08,0.0715638655462184,119,positive
2024-10-09,132.62864685058594,134.49835629027027,131.35886221320516,134.08841860906853,246191600,125.56253331000062,124.35599136352539,3.3660105868146815,1.889484644672586,72.28584906745826,2024-10-09,0.2390833333333333,48,positive
2024-10-10,134.78829956054688,134.97827142059657,130.97891523035668,131.8887724251562,242311300,127.23994535555448,125.43281631469726,3.9231096988605287,2.2962096555101748,78.11656668158572,2024-10-10,0.1568521739130434,46,positive
2024-10-11,134.7783203125,135.75815840657205,133.63850429309608,133.98843884138304,170209500,128.61055898409003,126.77260055541993,4.314079493937044,2.6997836231955485,77.92170242028755,2024-10-11,0.341022641509434,53,positive
2024-10-14,138.0478057861328,139.57755854294567,136.27808612883217,136.44805696221857,232347700,130.3264220390069,128.43533477783203,4.832045217390075,3.126235942034454,76.9931228597254,2024-10-14,0.2928951219512195,41,positive
2024-10-15,131.57884216308594,138.547722466739,128.71930149862905,137.84782283581688,377831000,130.55413478883943,129.89510116577148,4.666750093842239,3.4343387723960115,61.33371903360275,2024-10-15,-0.0133372413793103,145,neutral
2024-10-16,135.6981658935547,136.5980149944232,131.55883256815804,133.9584403413635,264879700,131.4894131715149,131.5818298339844,4.8126700513980865,3.7100050281964267,64.8676160396979,2024-10-16,-0.0003233009708737,103,neutral
2024-10-17,136.90797424316406,140.8673441853548,136.8479863322171,139.31759037510415,306435900,132.47460609363293,132.98960342407227,4.968658489891894,3.96173572053552,70.51518907415635,2024-10-17,0.1453118421052631,76,positive
2024-10-18,137.97779846191406,138.87764756674068,137.25791307551907,138.64768884107772,176090200,133.47518652422949,134.29739303588866,5.1195908681005164,4.193306750048519,71.29629720491147,2024-10-18,0.3090395348837209,86,positive
2024-10-21,143.6868896484375,143.6868896484375,137.97780144123402,138.1077854115753,264554500,135.33185981954003,135.89613647460936,5.634925893051019,4.481630578649019,83.26276988689006,2024-10-21,0.1665803921568627,51,positive
2024-10-22,143.56690979003906,144.39677817254247,141.7572032447214,142.88702644418225,226311600,136.82914163235804,136.9659652709961,5.964891682948519,4.778282799508919,82.19678064070601,2024-10-22,0.1879583333333333,48,positive
2024-10-23,139.5375518798828,142.4070854107316,137.43789878035992,142.00715584596583,285930000,137.32157985918073,137.65685577392577,5.834005654474595,4.989427370502055,71.72951525816401,2024-10-23,0.2528454545454545,44,positive
2024-10-24,140.38742065429688,141.3272719093067,138.4377373361036,140.79735837298583,172354900,137.87900545829274,138.21676788330078,5.732771025515518,5.138096101504748,70.80311898189558,2024-10-24,0.3237236363636364,55,positive
2024-10-25,141.51722717285156,144.1068221770471,140.77735596279692,140.90732467853542,205122100,138.54050031548525,138.89065856933593,5.6782524370646,5.246127368616718,69.43193715423746,2024-10-25,0.2719041666666666,48,positive
2024-10-28,140.49740600585938,143.11697977842437,140.02748037021578,142.9770029033179,173586700,138.89630135009872,139.1356185913086,5.489475758295242,5.294797046552423,62.14583554000332,2024-10-28,0.320960465116279,43,positive
2024-10-29,141.22727966308594,142.23711171034327,138.87765156261756,140.26742736816374,157593600,139.32011558882368,140.1004623413086,5.33723921330261,5.303285479902461,63.47966281706582,2024-10-29,0.2303903225806451,62,positive
2024-10-30,139.3175811767578,140.30742741103543,136.78798938993828,139.51754595215704,179418100,139.31965478662988,140.4624038696289,5.004801708050849,5.243588725532138,57.156420408326625,2024-10-30,0.1725631578947368,38,positive
2024-10-31,132.7386474609375,137.5878737112806,132.08875807974474,137.57788081150406,270039600,138.12310800014035,140.04547119140625,4.162494970673606,5.0273699745604326,47.33123780637299,2024-10-31,0.2492090909090909,77,positive
2024-11-01,135.3782196044922,137.2879161101812,134.5483665061615,134.67833522595924,207127800,137.62403738274978,139.78551330566407,3.665696359158204,4.755035251479987,46.44849985790265,2024-11-01,0.243131343283582,67,positive
2024-11-04,136.0281219482422,138.9376575905799,135.54820341905642,137.18793904541485,187528200,137.33387094011204,139.01963653564454,3.2865364218978925,4.461335485563569,57.003461524050536,2024-11-04,0.2954405405405405,37,positive
2024-11-05,139.8874969482422,140.3474144064953,137.30791015086248,137.4278859649573,160537400,137.79816657795388,138.65169525146484,3.259890756843248,4.221046539819505,56.64869477785214,2024-11-05,0.17262,30,positive
2024-11-06,145.58657836914062,146.46644169789403,141.93717159604822,142.9370107400554,242043900,139.21424144907874,139.25659790039063,3.656492349059107,4.108135701667425,62.05556368076001,2024-11-06,0.1131490566037735,53,neutral
2024-11-07,148.85606384277344,148.9060435973239,146.14649291865044,146.3664587614797,207323300,140.96730006611412,140.10346221923828,4.186364319785156,4.1237814252909715,64.24086083021183,2024-11-07,0.3602418918918919,74,positive
2024-11-08,147.6062469482422,149.74590195013883,146.236457046531,148.7460628790407,175665800,142.17438131741014,140.71236419677734,4.454097828684411,4.1898447059696595,55.80911051917629,2024-11-08,0.2419938461538461,65,positive
2024-11-11,145.2366180419922,148.82605190369284,143.5469028263821,148.65606583595482,182325600,142.7311516309705,141.18628540039063,4.424071373577732,4.2366900394912745,52.320056041271066,2024-11-11,0.1810869565217391,69,positive
2024-11-12,148.26612854003906,149.62591028148023,145.98649668767203,146.7563770410738,198634700,143.73751106898294,141.89017028808593,4.591799958468528,4.307712023286726,62.474964409334525,2024-11-12,0.2890727272727273,66,positive
2024-11-13,146.24647521972656,149.30598054586102,145.87652436377047,149.04602786184785,191903300,144.19368636911813,142.58305969238282,4.5097710924922865,4.348123837127838,58.1028775651547,2024-11-13,0.2710870967741935,62,positive
2024-11-14,146.7363739013672,148.97601887199116,145.52657719098687,147.6162371498861,194463300,144.6559931931634,143.9828323364258,4.433190296402586,4.365137128982788,57.34796099785947,2024-11-14,0.089775,72,positive
2024-11-15,141.9571533203125,145.2166386002855,140.05746510375218,144.8466877533126,250132900,144.1652950344632,144.6407257080078,3.9414220446082595,4.280394112107882,51.858430872494694,2024-11-15,0.1596575,80,positive
2024-11-18,140.12744140625,141.52722527651324,137.1279241566863,139.47755210471132,221866000,143.43113982933352,145.0506576538086,3.3652571129398154,4.097366712274269,48.63792023710494,2024-11-18,0.1169990384615384,104,positive
2024-11-19,146.98634338378906,147.10633445236968,140.96732287230222,141.2972716123141,227834900,144.07754047559814,145.7605422973633,3.422644208981154,3.962422211615646,58.46017935081952,2024-11-19,0.2264625,136,positive
2024-11-20,145.8665313720703,147.5362609033671,142.70703603144835,147.38629113505743,309871700,144.40281154768397,145.78853759765624,3.3392713834749372,3.8377920459875043,66.46601587215918,2024-11-20,0.1231310077519379,129,positive
2024-11-21,146.6464080810547,152.8654088901037,140.67736706254192,149.32598496889756,400946600,144.810738190115,145.56757202148438,3.298108805991916,3.729855397988387,64.82505173406483,2024-11-21,0.2554623188405797,138,positive
2024-11-22,141.92715454101562,147.13632286743956,141.07730047570033,145.90650981286518,236406200,144.2864502539151,144.99966278076172,2.8518089679494665,3.554246111980603,57.01043516672584,2024-11-22,0.16855,154,positive
2024-11-25,135.9981231689453,142.02715192160386,135.79815839357323,141.9671640146257,344941900,142.7794816930115,144.07581329345703,1.9966734415921223,3.2427315779029073,45.59456305471098,2024-11-25,0.2151730337078651,89,positive
2024-11-26,136.89797973632812,139.277601884859,135.64818075181995,137.6778530821544,190287700,141.71011770088722,142.93899841308593,1.3757247816834877,2.8693302186590235,38.95806976814538,2024-11-26,0.2293301587301587,126,positive
2024-11-27,135.31822204589844,137.19792446250457,131.77879829463745,134.98827330747284,226370900,140.5479548545256,141.84617309570314,0.7475282120719555,2.44496981734161,32.02333520282953,2024-11-27,0.1622851063829787,141,positive
2024-11-29,138.22776794433594,139.32759715528792,136.02812477876728,136.75800311530705,141863200,140.12610268903657,140.9953125,0.47893310000583256,2.0517624738744544,38.07223865303556,2024-11-29,0.2934456790123457,81,positive
2024-12-02,138.60769653320312,140.42739572538855,137.7978293194704,138.8076612979231,171682800,139.8500288425214,140.66036682128907,0.29334510077529785,1.700078999254623,41.11975039072991,2024-12-02,0.1961823529411764,102,positive
2024-12-03,140.23744201660156,140.51739577472358,137.92781588392697,138.23776359782383,164414000,139.92046760144507,140.6713668823242,0.2746066202728912,1.4149845234582767,38.82551624072772,2024-12-03,0.2571622222222222,180,positive
2024-12-04,145.1166534423828,145.76654278655016,140.26742746830917,141.97715912549498,231224300,140.86522866343375,140.4843978881836,0.6460208974883415,1.2611917982642897,48.54343416221695,2024-12-04,0.2664032608695652,184,positive
2024-12-05,145.04666137695312,146.52652104015894,143.93676281520223,145.0966598316491,172621200,141.6254891568009,140.40241088867188,0.9240695151871137,1.1937673416488546,47.797780060798345,2024-12-05,0.19372734375,128,positive
2024-12-06,142.42689514160156,145.68658966441174,141.29699424160657,144.58670004061705,188505600,141.77119933585558,139.98045959472657,0.9223989659465701,1.1394936665083977,50.648735971097786,2024-12-06,0.2337,137,positive
2024-12-09,138.79722595214844,139.93712045292858,137.1173878488451,138.9572148926683,189308600,141.23047690245428,139.66746673583984,0.6210322018166039,1.0358013735700389,48.249916788890296,2024-12-09,0.2524889830508475,118,positive
2024-12-10,135.05758666992188,141.80696595909075,133.77769033829185,138.99721154250668,210020900,140.10813322381202,139.5734130859375,0.07952254698651018,0.8445456082533331,32.90278445422571,2024-12-10,0.1832006329113924,158,positive
2024-12-11,139.29718017578125,140.15710166074888,135.19756655561218,137.3473626393387,184905200,139.96068721507913,139.8133331298828,-0.007442202592272906,0.674148046084212,41.35722393058623,2024-12-11,0.2752867256637168,113,positive
2024-12-12,137.32736206054688,138.42726697152892,135.7875104425574,137.0673914713081,159211400,139.481900823346,140.01424713134764,-0.23262865430271518,0.49279270600682656,38.11188743128256,2024-12-12,0.2092389534883721,172,positive
2024-12-13,134.23765563964844,139.5871698071996,132.52780616182653,138.92722683278515,231514900,138.52840169903735,139.6152359008789,-0.6528780542694221,0.2636585539515768,39.7651466746714,2024-12-13,0.1984801204819277,166,positive
2024-12-16,131.98785400390625,134.38762706465965,130.40799755691268,134.16764608739564,237951100,137.3392112090135,138.95325164794923,-1.1541644319746922,-0.019906043233677034,44.08271060968004,2024-12-16,0.2094327731092437,119,positive
2024-12-17,130.3780059814453,131.57789255271604,126.84833189511964,129.07812250532473,259410300,136.07353753127381,137.9673080444336,-1.6621782233420959,-0.3483604792553608,40.576989659438496,2024-12-17,0.2452462962962963,162,positive
2024-12-18,128.8981475830078,136.68742440979707,128.2682006428492,133.84768927135005,277444500,134.76892117704364,136.3454574584961,-2.159303906786306,-0.7105491647615498,40.69449887603074,2024-12-18,0.2121128571428571,140,positive
2024-12-19,130.66796875,134.01766661792476,129.5380830968377,131.7478712095932,209719200,134.0232934630357,134.90758819580077,-2.383000073863883,-1.0450393465820165,38.66814269605613,2024-12-19,0.1766252100840336,119,positive
2024-12-20,134.68760681152344,135.26755529215387,128.20820713472543,129.7980572196654,306528600,134.1440777082153,134.13365936279297,-2.2104490195283404,-1.2781212811712814,44.70202431186966,2024-12-20,0.1417048780487804,82,positive
2024-12-23,139.6571502685547,139.77713434768583,135.1075657604122,136.2674627166313,176053500,135.1464545373679,134.2196517944336,-1.6536383277412483,-1.3532246904852747,49.280675964098485,2024-12-23,0.1608103773584905,106,positive
2024-12-24,140.2071075439453,141.88694573903672,138.6372445869122,139.98712655305678,105157000,136.0665732658365,134.73460388183594,-1.154674517874156,-1.313514655963051,43.18244614218903,2024-12-24,0.1844292682926829,123,positive
2024-12-26,139.91712951660156,140.8370583714796,137.7173348045662,139.68715493157526,116205600,136.76667440233922,134.79659881591797,-0.7737219223775185,-1.2055561092459446,42.92022109817033,2024-12-26,0.2183757575757575,99,positive
2024-12-27,136.9973907470703,139.00721560881072,134.69761453351015,138.53725762424156,170582600,136.80862282865397,134.76360168457032,-0.6993510793455755,-1.104315103265871,42.567741439580786,2024-12-27,0.2030154929577464,71,positive
2024-12-30,137.47735595703125,140.2570989672278,134.00767398793965,134.81759702407376,167734700,136.9302106701771,135.0875717163086,-0.5948256889464858,-1.0024172204019939,48.02277967019126,2024-12-30,0.2631,90,positive
2024-12-31,134.27764892578125,138.05731549303724,133.8176997545706,138.0173106258272,155659200,136.44792671665058,135.3165512084961,-0.7614012210247552,-0.9542140205265461,48.81240927061474,2024-12-31,0.2426772727272727,110,positive
2025-01-02,138.29727172851562,138.8672266066605,134.61761764692358,135.98748671158145,198247200,136.7841712642624,136.1084777832031,-0.5625785086625399,-0.875886918153745,48.467197607771006,2025-01-02,0.2202852272727272,88,positive
2025-01-03,144.4567108154297,144.88666393436952,139.71714137538024,139.99711439640743,229322500,138.17917845538372,137.66433410644532,0.09095668896668485,-0.6825181967296591,59.6848715196635,2025-01-03,0.1802256880733945,109,positive
2025-01-06,149.41624450683594,152.14600432101588,147.80640728049391,148.57632545203526,265377400,140.22228137382956,139.5391616821289,0.997581463757399,-0.3464982646322475,69.62251943030734,2025-01-06,0.1287847058823529,170,positive
2025-01-07,140.12710571289062,153.1159160516902,139.99711279126652,153.0159191493047,351782200,140.2049767082043,140.08311157226564,0.9555176488911457,-0.08609508192756887,58.90201366474969,2025-01-07,0.132843396226415,159,positive
2025-01-08,140.0971221923828,143.9367655713296,137.5473535279277,142.5668963792699,227349900,140.18536679623674,140.12710876464843,0.9092807307771693,0.11298008061337879,61.01043667536506,2025-01-08,0.1550583333333333,156,positive
2025-01-10,135.8975067138672,139.90713250101766,134.20765966847648,137.43735839735214,207602500,139.40575587216955,139.69614868164064,0.5276809905980144,0.19592026261030593,57.46906114303616,2025-01-10,0.1177973544973545,189,positive
2025-01-13,133.21774291992188,133.4777287731417,129.49808381781634,129.97805065881337,204808900,138.28066260812452,139.02621002197264,0.008923045463745893,0.15852081918099395,52.669047217451755,2025-01-13,0.2559494444444444,180,positive
2025-01-14,131.7478790283203,136.3674645891877,130.03804480886453,136.0374931021696,195590500,137.09288377543282,138.50125885009766,-0.5148670287773598,0.0238432495893232,46.749228722632395,2025-01-14,0.169623125,160,positive
2025-01-15,136.22747802734375,136.43745017340345,131.277920981104,133.63770458598145,185217300,136.93553727578026,138.37627105712892,-0.5620295083458302,-0.09333130199770748,46.1658996771582,2025-01-15,0.1559755725190839,131,positive
2025-01-16,133.55772399902344,138.73724031386243,133.47772952507327,138.6272498193542,209235600,136.321389407279,138.3042785644531,-0.8055471056133854,-0.23577446272084307,42.902888524077554,2025-01-16,0.099668783068783,189,positive
2025-01-17,137.6973419189453,138.48726255165812,135.44754884500142,136.67743145335606,201188800,136.57156259121834,138.2442855834961,-0.6569312909932137,-0.3200058283753172,47.810659258300554,2025-01-17,0.117195652173913,161,positive
2025-01-21,140.81704711914062,141.8169551308445,137.07738566270945,139.14720257048145,197749000,137.3434688690224,137.88031921386718,-0.28414263062288114,-0.31283318882483,53.75246404185311,2025-01-21,0.1782972972972973,74,neutral
2025-01-22,147.05648803710938,147.77640781491758,143.65679142482674,144.64670591256592,237651400,139.1094723541291,137.64434356689452,0.5088995284297084,-0.1484866453739223,58.45394793542994,2025-01-22,0.1777722222222222,90,positive
2025-01-23,147.2064666748047,147.2164602628041,143.706788444335,145.0366680027998,155915500,140.58165313970648,138.35227966308594,1.1363935383477042,0.10848939137040298,62.05932661004178,2025-01-23,0.2026895604395604,182,positive
2025-01-24,142.60687255859375,148.95629439391405,141.86695041120194,148.35634349735062,234657600,140.94987485223143,138.60325469970704,1.2481503569236452,0.3364215844810514,53.976745037411256,2025-01-24,0.2665467391304348,184,positive
2025-01-27,118.40910339355467,128.3881809500624,116.68926041493282,124.78852130861458,818830900,136.85155276883566,136.8544143676758,-0.608821189915119,0.1473730296018173,31.967324638777313,2025-01-27,0.2021085427135678,199,positive
2025-01-28,128.9781494140625,128.9881430022562,116.23931491482392,121.79880142784783,579666400,135.42002488614963,136.43045501708986,-1.2136605119857222,-0.12483367871569061,36.87052464733854,2025-01-28,0.1250729166666666,192,positive
2025-01-29,123.6886215209961,126.87833061040897,120.03896327722832,126.48836708502724,467120600,133.2870424561217,135.62452926635743,-2.0956632257388037,-0.5189995881203133,38.86783254264828,2025-01-29,0.1426396226415094,159,positive
2025-01-30,124.63853454589844,124.9885008224628,118.08913405132432,123.08867408422284,392925500,131.71458647244472,134.46563491821288,-2.687032253322485,-0.9526061211607477,39.66024872296018,2025-01-30,0.1426047297297297,148,positive
2025-01-31,120.0589599609375,127.838243414871,119.1790436181177,123.76861793270326,390372900,129.59538165217066,133.1157585144043,-3.485056304465303,-1.459096157821659,39.459681156865486,2025-01-31,0.1833125786163522,159,positive
2025-02-03,116.64927673339844,118.55909714130068,112.99961082645434,114.7394486968032,371235700,127.24154439421207,131.0109519958496,-4.342570604230303,-2.035791047103388,39.08001831141555,2025-02-03,0.1339779411764705,136,positive
2025-02-04,118.63909149169922,121.1888524384042,116.68926621972048,116.94924444838958,256550000,125.67746204830063,128.79315643310548,-4.80619264635574,-2.5898713669538584,41.419043266985796,2025-02-04,0.1979526717557251,131,positive
2025-02-05,124.81851959228516,124.98850212428792,120.74889426826606,121.74880228526035,262230800,125.52129069266144,126.56935958862304,-4.6217120314915405,-2.996239499861395,42.694324818810934,2025-02-05,0.2124233576642336,137,positive
2025-02-06,128.66815185546875,128.7581551695,125.19847756454048,127.40827329026632,251483600,126.09344726771731,124.71552810668945,-4.117413682252902,-3.2204743363396964,46.91559172842677,2025-02-06,0.3048713043478261,115,positive
2025-02-07,129.8280487060547,130.35799871586244,124.9884977355082,129.20811063964976,228186300,126.77246571105137,123.43764572143554,-3.5828586606402553,-3.2929512011998083,44.84204034858599,2025-02-07,0.1997238410596026,151,positive
2025-02-10,133.55772399902344,134.98758517024453,129.94805537047182,130.0780330404282,216989100,128.0061490361372,124.95250778198242,-2.825693493149771,-3.199499659589801,45.2795927495675,2025-02-10,0.1930447154471544,123,positive
2025-02-11,132.7877960205078,134.4676342706669,131.0079608594355,132.56781502240796,178902400,128.87553939693186,125.33347244262696,-2.2616900412009215,-3.011937735912025,40.011201057595194,2025-02-11,0.1984611111111111,144,positive
2025-02-12,131.12794494628906,132.22784993678553,129.0681367435288,130.00805277951918,160278600,129.28506767863314,126.07740478515625,-1.9264425216207997,-2.79483869305378,38.977247597629926,2025-02-12,0.0873718446601941,103,positive
2025-02-13,135.27755737304688,136.487452862588,131.15794096754342,131.54790450828392,197430000,130.37461125943562,127.1413070678711,-1.3108072340987746,-2.498032401262779,44.944138952972985,2025-02-13,0.1342733333333333,75,positive
2025-02-14,138.8372344970703,139.23719160158925,135.4875365315285,136.46744211776974,195479600,131.91327002991466,129.01913452148438,-0.5295710731939209,-2.1043401356490072,69.70105932459045,2025-02-14,0.1517408695652173,115,positive
2025-02-18,139.38717651367188,143.4268135927519,137.91731045487123,141.25701494818574,219176600,133.2721621178705,131.2929244995117,0.1324135564541109,-1.6569893972283838,62.443202940113146,2025-02-18,0.261949,100,positive
2025-02-19,139.21719360351562,141.34700263351252,137.2073839146051,139.49716663707372,167536000,134.35307693344234,133.35073471069336,0.6359936061493272,-1.1983927965528416,71.15228209790928,2025-02-19,0.1643432291666667,192,positive
2025-02-20,140.0971221923828,140.6470746897965,136.7774200315485,140.01712771481476,143903600,135.39744879870423,134.87859497070312,1.0934823233284305,-0.7400177725765872,71.09717628106078,2025-02-20,0.1975732558139534,172,positive
2025-02-21,134.41763305664062,141.4470007486669,134.01767593596887,140.02711787829398,228217600,135.21930048196538,135.45354309082032,0.9863876570325942,-0.3947366866547509,69.02489262472797,2025-02-21,0.1764420289855072,138,positive
2025-02-24,130.2680206298828,138.57725415414035,130.06804206967678,136.5474420161462,251381100,134.3190677815867,135.49754028320314,0.5602174809394,-0.20374585313592075,67.69749610762082,2025-02-24,0.2121215189873417,158,positive
2025-02-25,126.61835479736328,130.18802626376245,124.42856133510212,129.96804527013506,271428700,132.91893814809154,134.8036033630371,-0.07120221039943431,-0.17723712458862348,59.94020241988402,2025-02-25,0.092119708029197,137,positive
2025-02-26,131.26792907714844,133.71770077604796,128.478192299153,129.97805439122038,322553800,132.61875468064733,134.65161666870117,-0.19418661621881483,-0.18062702291466176,58.352757692490876,2025-02-26,0.2356934959349593,123,positive
2025-02-27,120.13895416259766,134.99758082030266,119.9989676453928,134.9875872324259,443175800,130.34970004100194,133.55271759033204,-1.176110441697091,-0.37972370667114763,40.70606192361762,2025-02-27,0.2557225352112676,142,positive
2025-02-28,124.90850830078124,125.07849083366686,116.38929530836823,118.00914142194866,389091100,129.3603924518709,132.51581268310548,-1.5515437589922385,-0.6140877171353658,45.030312278900695,2025-02-28,0.2227129496402877,139,positive
2025-03-03,114.04950714111328,123.68861991301428,112.26967207329028,123.49864257535764,411381400,126.57659512264223,130.03703994750975,-2.694250367798219,-1.0301202472679365,32.774138784749226,2025-03-03,0.1799584745762711,118,positive
2025-03-04,115.97933197021484,119.29902637351395,110.09987541363247,110.6398266732206,398163300,124.64982000401906,127.69625549316406,-3.4048834753070594,-1.505072892875761,35.455953989692304,2025-03-04,0.1539936305732484,157,positive
2025-03-05,117.28921508789062,118.26912068620358,114.49947076595478,117.56918811598004,284337900,123.31152820108662,125.50345764160156,-3.8183531145343608,-1.967728937207481,37.952645055501506,2025-03-05,0.2332388888888888,162,positive
2025-03-06,110.55982971191406,115.3393888375433,110.209863429875,113.5195565422474,321181900,120.9930375666916,122.54972839355469,-4.635599635493662,-2.5013030768647173,29.406868864588077,2025-03-06,0.2232637426900584,171,positive
2025-03-07,112.6796417236328,113.46957000648337,107.5501084934214,111.2397716760376,341755500,119.4815110497718,120.37592926025391,-5.053963334621045,-3.011835128415983,27.671568352902625,2025-03-07,0.1569259036144578,166,positive
2025-03-10,106.97016143798828,111.83970852661248,105.45029700249104,109.88989097369002,366487400,117.20672021126569,118.04614334106445,-5.779603254619872,-3.565388753656761,24.56857476838286,2025-03-10,0.1114226890756302,119,positive
2025-03-11,108.75,112.22967568900776,104.76036144852146,106.98015850635034,354865700,115.6691347183083,116.25930786132812,-6.1402787111579755,-4.080366745157004,26.687085190358815,2025-03-11,0.2182013157894737,152,positive
2025-03-12,115.73999786376952,116.76000213623048,112.87999725341795,114.12000274658205,323857500,115.68201892657396,114.70651473999024,-5.795277843687302,-4.423348964863064,32.95610301110516,2025-03-12,0.1773684210526316,190,positive
2025-03-13,115.58000183105467,117.76000213623048,113.79000091552734,117.02999877929688,299033100,115.66347036375227,114.25061950683593,-5.471698182681138,-4.633018808426679,35.71491220965078,2025-03-13,0.2261139130434782,115,positive
2025-03-14,121.66999816894533,121.87999725341795,118.1500015258789,118.61000061035156,277593500,116.75556632833282,113.92676849365235,-4.670014145734257,-4.640417875888195,43.666280372865316,2025-03-14,0.1966672727272727,110,positive
2025-03-17,119.52999877929688,122.88999938964844,118.02999877929688,122.73999786376952,255501500,117.26000859214446,114.47481765747071,-4.159406784386164,-4.544215657587789,44.659593143062104,2025-03-17,0.0978219512195121,164,neutral
2025-03-18,115.43000030517578,119.0199966430664,114.54000091552734,118.0,299686900,116.9272798126956,114.4198844909668,-4.03902304013296,-4.443177134096823,37.96797834975791,2025-03-18,0.107665868263473,167,neutral
2025-03-19,117.5199966430664,120.4499969482422,115.68000030517578,117.2699966430664,273426200,117.03504650912666,114.44296264648438,-3.7319531846027587,-4.30093234419801,47.693636147169975,2025-03-19,0.0868012121212121,165,neutral
2025-03-20,118.52999877929688,120.1999969482422,116.47000122070312,116.5500030517578,248829700,117.30685601279396,115.23997955322265,-3.3682720369569665,-4.114400282749801,43.98449174220674,2025-03-20,0.3337525316455696,158,positive
2025-03-21,117.6999969482422,117.98999786376952,115.41999816894533,116.94000244140624,266498500,117.37833618287544,115.7420150756836,-3.1111627706296474,-3.913752780325771,54.24591950627479,2025-03-21,0.2575877777777778,180,positive
2025-03-24,121.41000366210938,122.22000122070312,119.33999633789062,119.87999725341795,228452500,118.11136663364525,117.18599929809571,-2.5783140888324567,-3.646665042027108,56.0652964621142,2025-03-24,0.1858970873786407,103,positive
2025-03-25,120.69000244140624,121.29000091552734,118.91999816894533,120.5500030517578,167447200,118.58020950778361,118.37999954223633,-2.1888935484624596,-3.355110743314179,53.84891563277232,2025-03-25,0.1915717105263158,152,positive
2025-03-26,113.76000213623048,118.83999633789062,112.70999908447266,118.7300033569336,293463300,117.70380816750121,118.18199996948242,-2.411667866836609,-3.166422168018665,53.60549272193373,2025-03-26,0.1235414012738853,157,positive
2025-03-27,111.43000030517578,114.4499969482422,110.66000366210938,111.3499984741211,236902100,116.56311582889657,117.76699981689453,-2.7445918479052125,-3.082056103995975,48.598721068727045,2025-03-27,0.1613436241610738,149,positive
2025-03-28,109.66999816894533,112.87000274658205,109.06999969482422,111.48999786376952,229872500,115.30982170890543,116.56699981689454,-3.1145513556450766,-3.0885551543257956,53.32166266641262,2025-03-28,0.1754873417721519,158,positive
